customer_id,name,email,phone,address
C00001,Anthony Cook,stephanie51@example.net,001-545-463-1632x227,"7878 Amanda Ways Apt. 821, Jeremiahmouth, NH 50526"
C00002,Stephanie Austin,christina63@example.org,+1-439-707-5225x63566,"96787 Adriana Run Suite 443, West Donaldville, VA 24876"
C00003,Michelle Yang,mariagilbert@example.com,793-688-9699x6168,"8315 Hernandez Green Apt. 672, Woodsmouth, WI 32536"
C00004,Michael Roth,solisdavid@example.com,681-241-8467x5964,"314 James Isle Suite 856, Beckview, MT 52670"
C00005,John Williams,pcastillo@example.org,(777)764-7243x1867,"0822 Underwood Manors, Tanyafurt, NC 65972"
C00006,Jon Anderson,umccarty@example.com,(504)294-5128,"31046 Rodriguez Points Apt. 158, Margaretport, AL 00700"
C00007,Lisa Green,jason57@example.org,540-997-7253,"072 Andrea Trail, New Brandonhaven, HI 53295"
C00008,Crystal Lopez,elliskimberly@example.org,001-695-225-1133x1753,"74783 Shelby Cove, Teresamouth, NH 41361"
C00009,Danny Price,morganwilliam@example.net,807.860.9357x208,"0875 Jacob Spring Apt. 736, Joshuatown, IL 48420"
C00010,William Sanchez,crhodes@example.org,881.970.7223x4813,"981 Joseph Manors Apt. 234, West Aliciaton, MN 47809"
C00011,Emily Smith,robert55@example.net,825-396-1729,"5831 Pruitt Walk, Gomezside, WY 73902"
C00012,Bailey Thomas,dillonshepard@example.org,(352)256-7222,"209 Robert Ports Apt. 787, East Michaelshire, FL 39253"
C00013,Alexander French,vle@example.net,001-884-238-7887x72743,"PSC 1872, Box 8433, APO AE 67994"
C00014,Joseph Gomez,jeremiahthompson@example.org,479.347.5565,"25282 Gabriella Rapids, Wolfeside, MN 04919"
C00015,Matthew Carter,moorejessica@example.com,480-957-4173x855,"81220 Robert Row Suite 244, Loveberg, MD 67884"
C00016,Michelle Rodriguez,hudsonmargaret@example.net,6392066247,"69121 Evelyn Land Suite 619, East Davidmouth, HI 80187"
C00017,Kyle Lee,samuel55@example.net,901.983.4564x757,"646 Pope Mountains, South Steven, DE 52733"
C00018,Austin Flowers,andersonhannah@example.org,369-843-4323x53880,"5947 Jeff Freeway, Port Brettfort, MT 04460"
C00019,Harold Farmer,oliverchloe@example.net,964-867-1986x3388,"34282 Vincent Circle Apt. 501, Jerrychester, NC 37845"
C00020,Ronald Brown,juliajenkins@example.net,471.526.7830,"Unit 2258 Box 5216, DPO AA 34961"
C00021,Bill Stevenson,jason29@example.org,001-746-886-5368x659,"PSC 5639, Box 7875, APO AP 81196"
C00022,Benjamin Pope,kwarner@example.org,926.707.6818x1296,"85339 Knight Groves Apt. 876, Lake Marystad, HI 74754"
C00023,Amanda Carpenter,john83@example.org,001-250-978-9234x74554,"7408 Hunter Crescent, Hansenmouth, NJ 33624"
C00024,Courtney Savage,sarah79@example.org,+1-202-383-3664,"571 Christine Throughway Suite 014, Garciashire, VT 80056"
C00025,Jason Robbins,brandtjoshua@example.net,2045563900,"86948 Shawn Points Apt. 097, South Mary, NC 64799"
C00026,Theresa Glass,mpeters@example.org,+1-269-263-8349x175,"338 Patel Radial Apt. 356, Staciebury, WI 87954"
C00027,Eric Hill,vbruce@example.org,643.791.5525x02936,"20975 Mark Forge Suite 322, Port Anne, AK 32135"
C00028,Johnny Gibson,hansentiffany@example.net,+1-844-572-8666,"Unit 5169 Box 1217, DPO AA 44680"
C00029,Summer Hood,srichardson@example.org,(900)390-6940x62600,"6745 Johnston Meadow, West Stephaniehaven, WI 15073"
C00030,Alexis Arnold,patricklisa@example.net,896.963.5054,"586 Christina Garden, South Cherylview, OK 48825"
C00031,Sierra Stewart,susanbrowning@example.com,5583485653,"8558 Fleming Summit, South Davidshire, AZ 03057"
C00032,Colton Green,yolandabarnes@example.com,+1-387-210-9527x943,"6235 Amanda Summit, Port Shelby, IL 88075"
C00033,Darren Guerrero,fthomas@example.com,+1-375-681-3813x787,"3447 Andrew Oval, Darrenchester, DC 34473"
C00034,Seth Knox,inguyen@example.com,+1-735-915-7902x02580,"917 Hernandez Courts Suite 369, West Marcus, OR 57823"
C00035,Michelle Smith,qhart@example.com,001-752-643-4577,"411 Renee Manors Apt. 203, Lake Krista, OH 70478"
C00036,Brittney Jones,jennifer42@example.com,001-225-564-9153x302,"5631 Joshua Pass Suite 415, Aliciahaven, AZ 32823"
C00037,Samantha Estes,fcooper@example.com,226-249-0367x677,"3062 Gray Well, Michaelborough, AL 91310"
C00038,Thomas Brown,george03@example.com,727-327-4886x2670,"95361 Robertson Station Apt. 187, New Dorothy, LA 62326"
C00039,Devon Perry,lyonsjoshua@example.net,477.730.8272x874,"621 Ariel Keys Apt. 681, Scottville, VI 43992"
C00040,David Simmons,daniel05@example.com,831.220.2358x3766,"27131 Chad Port, Lewismouth, VA 64191"
C00041,Shelby Torres,andrea53@example.com,390-230-1918,"43377 Nichols Inlet, Coleville, MN 68381"
C00042,John Stewart,taylorrichardson@example.net,+1-473-913-0677,"8559 Laura Union Suite 729, Virginiatown, RI 41926"
C00043,Brian Lin,aliciareed@example.net,460-498-4914x8367,"81825 Alyssa Course, Port Stephanie, WI 21692"
C00044,Scott Kelley,julia33@example.org,(589)910-9112x37639,"92961 Teresa Roads, Port Michaelfurt, FM 88185"
C00045,Jennifer Smith,billyyang@example.net,(878)312-4295,"Unit 3964 Box 2477, DPO AP 14240"
C00046,Kelly Wiggins,vzhang@example.net,001-278-958-8291x72551,"PSC 6885, Box 8497, APO AE 77460"
C00047,Richard Johnson,stricklandrebecca@example.net,(527)585-6262x5096,"72367 Bobby Club Suite 651, Port Susan, MA 20043"
C00048,John Chaney,carolynsaunders@example.org,962-395-3181,"986 Fitzgerald Ways Apt. 960, Andersonburgh, GU 61622"
C00049,Todd Anderson,pneal@example.com,370-874-8907x654,"0134 Johnson Ports Suite 912, Johnathanhaven, MT 29610"
C00050,Karen Castro,tammycarey@example.org,(692)901-7119,"PSC 0307, Box 1306, APO AP 49762"
C00051,Anna Wolfe,mrose@example.com,397-321-3420x0460,"0412 Chang Highway, Pennyfurt, PA 02052"
C00052,Julie Flores,harmonsteven@example.net,(809)693-6960,"7725 Brown Fort, Jonathanberg, VT 65987"
C00053,William Burke,shanegarcia@example.com,912-303-8661,"4897 Morton Ville Suite 357, Adamfurt, ND 73891"
C00054,Monica Blake,edyer@example.com,(641)454-3728x49181,"39262 Huff Haven, Jenniferton, AR 73060"
C00055,Jessica Smith,tobrien@example.net,(549)682-8883,"536 Gene Flats Apt. 225, West Lisafurt, AR 87244"
C00056,Denise Peters,imercer@example.net,(232)489-5831x176,"14544 Mikayla Brook Suite 757, Davidport, ID 71770"
C00057,Kevin Adams,charlesfriedman@example.com,+1-623-555-8401x391,"2008 Mueller Valleys, Zacharyview, IA 54475"
C00058,John Davis,powelllisa@example.org,+1-700-244-7975,"4534 Barbara Crossroad, Lake Amanda, AK 37606"
C00059,Joshua Mitchell,barbara07@example.com,001-407-321-8840,"8217 Heather Street Apt. 189, New Krystal, NC 39523"
C00060,Lawrence Hawkins,erica14@example.net,+1-959-712-1647x662,"62379 Michael Villages, East Kevinstad, FL 00969"
C00061,Joseph Lee,allisonayers@example.org,300.200.3548x50751,"443 Bradshaw Streets, Hortonville, HI 28172"
C00062,Christine Davis,clarkdanielle@example.net,+1-981-818-6565,"536 Nicholas Mall Suite 336, Mooreton, IA 23425"
C00063,Bryan Fleming,jerryhanson@example.com,(760)542-0457x6587,"4243 James Skyway, Katieborough, PW 88241"
C00064,Mrs. Jennifer Nelson,kelseymatthews@example.net,246-962-1807x304,"00278 Higgins Pass Apt. 172, North Grantshire, OH 33462"
C00065,Pamela Barnes,lisa65@example.com,615-212-2793x706,"357 Andre Stream Apt. 798, East Barbaramouth, ME 85990"
C00066,Michaela Gillespie,ltate@example.org,001-641-676-3388x1091,"Unit 3796 Box 8473, DPO AP 69837"
C00067,Lisa Hall,valenciamark@example.org,+1-814-521-6004x46518,"59661 Anthony View Apt. 127, Kevinburgh, MP 24993"
C00068,Jose Rasmussen,maureenperez@example.org,(204)965-4500,"688 Morales Points Apt. 745, North Katherinefurt, VI 86530"
C00069,Travis Frye,welchcody@example.com,9715793702,"PSC 4016, Box 0203, APO AP 27573"
C00070,April Gordon,vfoster@example.com,637-681-1439x823,"045 Joseph Ridge, Port Justin, MP 46616"
C00071,Roger Smith,bradleygreen@example.org,818-931-7953,"8600 Elizabeth Cape Suite 831, Dustinmouth, WA 60605"
C00072,Mark Gay,andrewwatson@example.com,893-536-1831x805,"7593 Hoffman Way Suite 179, New Robertport, TX 10007"
C00073,Karen Dominguez,gutierrezmark@example.org,(651)846-4067x2227,"211 Moreno Mall, East Joseph, CO 99257"
C00074,Jerry Fischer,william82@example.com,001-295-295-9212x13643,"744 Bennett Mill, Port David, MH 33617"
C00075,Hayley Reynolds,castillolauren@example.com,6358309515,"49200 Wilcox Prairie Suite 581, Rickybury, IA 74627"
C00076,Michelle Bennett,janice61@example.net,(961)598-0927x469,"60392 Tran Ford, Josephborough, GU 86835"
C00077,Timothy Lyons,vaughncheryl@example.net,656.834.6426,"003 Hicks Land Apt. 730, Justinport, KS 51250"
C00078,Kimberly Moses,nicholas92@example.com,(996)342-5010x32318,"52320 Maria Street, Gilbertmouth, AK 42834"
C00079,Alexis Jenkins,scotthampton@example.org,843-954-5177,"5701 Dawn Expressway, New Daniel, UT 76717"
C00080,Donald Carter,barnesjeffrey@example.org,4548466792,"3455 Knight Cliffs Apt. 217, Kimberlyhaven, GU 40138"
C00081,Kylie Jacobs,phillipsharold@example.com,(989)276-6466x200,"320 Mccarty Green, Troyberg, WV 76151"
C00082,Kathleen Tate,josephparker@example.org,746-635-2798x879,"9059 Price Lodge Apt. 747, Johnsonstad, VT 66254"
C00083,Erin Mitchell,heatherjordan@example.org,001-916-280-1937x08789,"USS Benson, FPO AA 83195"
C00084,Sabrina Andrade,tiffanyduran@example.org,214.923.3862x4133,"24896 Thomas Underpass, West Cassidyview, NJ 58228"
C00085,Steven White,rhondarandolph@example.net,+1-519-232-7673,"0914 Miller Glen Suite 987, Richardland, TX 00551"
C00086,Kim Hernandez,rhonda17@example.org,001-633-913-2582x39714,"9374 Brown Course, Gonzalezchester, WY 81012"
C00087,Edward Avery,fernandezgregory@example.net,939.873.1070x105,"553 Howard Plains Suite 612, Shahport, DC 27751"
C00088,Tina Dean,christine81@example.net,+1-536-726-4860x2672,"Unit 8026 Box 5247, DPO AP 29514"
C00089,Thomas Stephens,porterbrooke@example.com,707-853-4254,"798 Estes Ridges Apt. 510, Garystad, MT 10249"
C00090,Nichole Chandler,adamvasquez@example.com,502-645-2800x9660,"693 King Freeway, Spencemouth, NV 33797"
C00091,Michelle Perry,haneycheyenne@example.org,697.911.8910x0598,"54112 Jacqueline Way Apt. 459, North Johnport, MH 58839"
C00092,Dennis Smith,rogersjoseph@example.org,(753)707-4790x1580,"05142 Mcguire Lodge, Marieside, RI 81573"
C00093,Samantha Holland,steven58@example.net,+1-272-307-1274x92624,"996 Justin Circles Suite 850, West Brittney, NJ 81170"
C00094,Christopher Lee,courtney90@example.com,855-456-1628,"37864 Burns Corners, Port Christina, PR 21199"
C00095,John Tran,tparker@example.net,+1-593-299-0478x47448,"0814 May Corners Suite 577, Lake Joshua, HI 35087"
C00096,John Gallegos,wagnerdoris@example.net,001-456-658-7967x394,"95299 Rebecca Light Apt. 527, East Andrea, TX 89493"
C00097,Paula Blanchard,juan93@example.net,642.902.6667,"8853 Kimberly Via Apt. 729, Curtismouth, AS 34034"
C00098,Michelle Hill,richard51@example.net,+1-731-730-7553x305,"80813 Archer Dam Suite 020, South Kevin, AS 14708"
C00099,Donald Townsend,vincent93@example.com,(277)656-1313x92311,"64719 Carson Mill, Lake William, ID 16408"
C00100,Diane Thomas,jasmineromero@example.com,+1-489-573-4066,"161 Evans Walk Apt. 345, West Scott, OR 70990"
C00101,Evan Mason,anne09@example.com,485.576.3261,"Unit 2991 Box 1815, DPO AE 57818"
C00102,Jessica Nguyen,aray@example.com,828-290-5863,"34044 Tucker Pine, East Elizabeth, OR 70677"
C00103,Jose Mcdonald,charles23@example.org,533.890.3670,"6710 Lewis Parkway, North Nathanchester, MA 04837"
C00104,Adrian Keller,christinavalentine@example.com,451-834-7280x6952,"904 Morgan Gateway, East Tammyland, IL 95309"
C00105,Sabrina Bradley,andrea90@example.net,001-900-654-2045x14781,"8052 Carlos Trace, South April, AR 16497"
C00106,Joseph Cannon,christopher98@example.com,608.721.0203,"0751 Kristin Stravenue Apt. 658, Clarkstad, MI 72870"
C00107,Anthony Davenport,banksgabrielle@example.com,877-817-9544x5716,"644 John Forge Apt. 593, Port Kristine, AK 72766"
C00108,Laura Dougherty,bobby41@example.com,001-205-459-3916x7410,"946 Morgan Crest Suite 701, New Paultown, TX 67284"
C00109,Amanda Morrison,amycoleman@example.com,(363)545-7038x50252,"USS Weiss, FPO AA 52014"
C00110,Linda Peters,lisa10@example.net,+1-393-297-8271x303,"430 Williams Hollow, East Tiffanyland, CO 50845"
C00111,Edward Medina,nielsenmichelle@example.net,(316)547-0706,"4358 Preston Creek Suite 142, Jenniferview, MI 63446"
C00112,Scott Pace,garciasusan@example.com,637.302.9677x6750,"0633 Moon Stravenue, East Cindy, HI 05289"
C00113,Ariel Jackson,franklinmiller@example.org,709.732.9570x56042,"1347 Freeman Springs Suite 418, New Craig, AL 41484"
C00114,Rebecca Sullivan,qsanders@example.com,(619)826-6429x98095,"906 Matthew Locks Apt. 708, New Vanessa, LA 83466"
C00115,Benjamin Baldwin,kelly12@example.org,+1-818-807-5050x34010,"386 Gabriel Plains Apt. 576, Johnsonmouth, TX 22889"
C00116,Kaitlin Morrison,ricardo17@example.com,221.221.2528x581,"240 Gilbert Trafficway, Clarkstad, LA 72979"
C00117,Manuel Wilkerson,cynthia39@example.org,+1-752-974-0151,"8453 Lewis Drives, Rebeccachester, MH 12086"
C00118,Michael Garcia,zachary14@example.org,001-542-498-4170x1697,"68424 Todd Unions Apt. 169, East Shannonbury, FL 84129"
C00119,Zachary Ramirez,kingdonald@example.net,708-368-0171x40174,"134 Sarah Garden Apt. 277, Dixonmouth, SD 44039"
C00120,Kristen Lewis,matthewford@example.net,559.388.1543x565,"942 Chelsea Row, West Scott, AK 66871"
C00121,Gabriel Doyle,emilyjefferson@example.org,743.879.1620,"89469 Orozco Motorway Suite 292, Joshuafort, WI 75643"
C00122,Linda Murray,colemanjamie@example.org,001-605-499-4167x580,"5555 Bennett Trail, South Gina, NY 38243"
C00123,Kimberly Wilson,mbowen@example.org,001-569-826-9857x714,"860 Neil Lodge Suite 988, Angelafurt, AZ 31414"
C00124,Melissa Jacobs,julia73@example.net,+1-503-870-4547,"83290 Margaret Land Suite 304, Port Molly, IL 72424"
C00125,Joshua Mason,tdennis@example.org,720-885-2933x6759,"97513 Moran Oval Apt. 085, South Melissaport, NM 19232"
C00126,Luis James,jonathanpatel@example.net,245-670-8184,"4028 Stone Prairie, Port Cherylville, PW 12069"
C00127,Sarah Garcia,elizabeth21@example.com,793-555-0260x88925,"67334 Palmer Plains Apt. 574, West Kristin, VT 48580"
C00128,Ryan Mcdonald,hamptonevelyn@example.com,651.756.1264x925,"01758 Baker Camp Suite 770, West Dennisside, DC 18224"
C00129,Tamara Taylor,barrettjamie@example.com,355-622-5676x93433,"17850 Katelyn Trail Suite 937, New Davidshire, WA 35376"
C00130,Rachel Williams,joannmoreno@example.org,001-374-731-1107x415,"962 Navarro Fork Apt. 267, Carterbury, MP 19864"
C00131,Kimberly Hanson,patrick32@example.org,001-740-902-6502x63974,"49955 James Springs Suite 997, North Marytown, MD 65649"
C00132,Sarah Jones,cynthiapeters@example.net,(538)444-1043x01102,"4413 Smith Mountains Suite 561, Kingland, LA 04265"
C00133,Jessica Bailey,zbrown@example.org,001-695-723-1215,"5325 Williams Centers Apt. 888, Stephenshire, MP 03812"
C00134,Elizabeth Cole,sabrinabarry@example.net,930.714.8918x28031,"USS Freeman, FPO AP 60502"
C00135,Emily Brown,davisrobert@example.com,001-534-927-5405x69903,"2160 Gina Dam, North Tommy, MS 89324"
C00136,Elizabeth Hoffman,mbeltran@example.org,+1-665-332-4462x814,"270 Lopez Corner, Davidview, ME 45315"
C00137,Christian Sampson,patricia86@example.org,396-540-9412x041,"42967 Vargas Harbors, North Benjamin, VI 99694"
C00138,Crystal Chavez,bryan21@example.net,647.474.3938x5428,"7549 Peters Terrace Apt. 216, Port Jameschester, WA 86574"
C00139,Sara Simmons,ebridges@example.net,373.331.3158,"49480 Brianna Ports Suite 662, Rossstad, MI 48327"
C00140,Elizabeth Sutton,michaelwillis@example.org,8954200762,"25992 Lacey Haven, New Robert, DE 46972"
C00141,Benjamin Bird,geraldmcintyre@example.com,+1-507-715-2679x5925,"7274 David Loaf, Marychester, GA 91054"
C00142,Tammy Charles,phart@example.org,301.945.5412,"62514 Morgan Glen, Meganhaven, SC 47390"
C00143,Mrs. Katrina Banks,ryan00@example.org,921-265-8960x634,"USS Ramirez, FPO AP 72579"
C00144,Brandi Cunningham,donaldroth@example.net,301-267-2749,"3326 Gardner Gardens Suite 547, East Stephenborough, NM 63958"
C00145,Joshua Davis,vincenttorres@example.net,+1-525-476-0884x16823,"2343 Farrell Centers Apt. 197, Wilsonfurt, PW 47569"
C00146,Brenda Smith,griffinkevin@example.org,+1-308-869-8732x6443,"443 Cook Views Suite 429, Laurafurt, HI 40041"
C00147,Mr. John Sanchez Jr.,crystalrogers@example.org,478-355-4335,"59949 Andrew Lodge Suite 992, Burtonshire, ID 59621"
C00148,Julie Brown,cray@example.net,365.830.6912x8025,"31944 Roberts Well, Port Jerome, MD 33586"
C00149,Jennifer Sanford MD,teresa34@example.org,248-439-6369x5834,"809 Megan Viaduct Suite 031, East Richardton, GA 70610"
C00150,Carrie Humphrey,sandrawalker@example.net,850.211.0339x4036,"36573 Ruiz Rue Apt. 732, Sarahshire, ID 93061"
C00151,Anthony Fischer,chadnielsen@example.net,(469)569-2588,"Unit 3811 Box 5497, DPO AA 71097"
C00152,Joshua Hart,guzmanmark@example.com,804.311.9547,"6104 Poole Grove, Josephfort, NH 55633"
C00153,Mrs. Kelsey Carter,nburke@example.com,001-792-973-8789x8309,"45569 Willie Lights, Weberstad, LA 78894"
C00154,Chelsea Moody,daniel86@example.com,(606)255-1236x8516,"014 Valerie Square, Santosfurt, LA 39673"
C00155,Emily Cooper,ellisonlauren@example.com,303.804.9396x7701,"47823 Edwards Corner, Barryburgh, AL 51772"
C00156,Joseph Kim,paul29@example.net,001-810-755-7657x67036,"USNS Tate, FPO AP 55712"
C00157,Keith Gutierrez,edwardsamy@example.net,(904)316-2395,"565 Jill Track, East Pennystad, MS 37063"
C00158,Christian Brown,andrew24@example.com,788-897-0639,"3153 Kelly Ford Apt. 284, Lisafort, FM 69099"
C00159,Sarah Sanders,ncollins@example.net,5103525595,"2551 Carolyn Spring Suite 435, South James, MH 73088"
C00160,Cheryl Barber,joannazimmerman@example.net,478-388-3545x67480,"Unit 5670 Box 5157, DPO AP 02737"
C00161,David Chapman,kjohnson@example.net,001-905-679-1714x92369,"62455 Pacheco Ranch, Port Jennyborough, SD 71544"
C00162,Wendy Esparza,ruizanthony@example.org,496-412-5815x16834,"830 Christie Row, Lake Jacob, GA 65658"
C00163,Preston Lee,doyledean@example.com,+1-574-671-3576x86514,"65915 Donald Gateway, Port Amyhaven, NE 29788"
C00164,Daniel Ramirez,ijones@example.com,(459)352-7369,"4433 Murphy Knolls Suite 312, Wendystad, GU 33316"
C00165,Jennifer Parks,ybrown@example.net,6612292117,"9852 Evans Trace Apt. 327, East Brendan, NM 06626"
C00166,Barbara Keller,brenda91@example.org,(683)892-5534x12323,"498 Myers Grove, Lake Josephmouth, MO 50609"
C00167,Eric Webb,opratt@example.org,(389)995-4663x2925,"989 Roy Burgs, New Miguelbury, FL 67319"
C00168,Kristen Phillips,debra93@example.org,+1-602-412-3750x8737,"945 Kelli Meadows, New Carolyn, SD 82888"
C00169,Megan Fischer,lgarcia@example.com,646-975-2705x64105,"971 Gina Mill Suite 181, North Brianside, TN 66660"
C00170,George Cruz,james93@example.net,869.754.8494x581,"45343 Sergio Inlet, South Jenniferfurt, DE 77069"
C00171,Jason Bradley,annagalloway@example.com,3845491580,"Unit 5153 Box 2040, DPO AA 36170"
C00172,Mrs. Amy Bennett,gregoryfuller@example.net,410-468-4915,"USCGC Petersen, FPO AP 58344"
C00173,Michelle Burgess,whenderson@example.com,(832)234-5053x9723,"5984 Samantha Landing Suite 539, South Andrea, ID 42934"
C00174,Suzanne Schneider,kelly63@example.net,(699)923-8185,"66041 Adam Points Suite 148, Port Adamfurt, NM 18792"
C00175,Kyle Flores,stephaniecampbell@example.net,207-933-0247x6670,"87361 Bryan Rest Suite 884, Spearstown, VT 20902"
C00176,Brittany Smith,dnoble@example.org,+1-491-283-2565x8073,"PSC 0190, Box 9590, APO AE 44049"
C00177,Jeffrey Cobb,leesean@example.org,888-265-3726x331,"2344 Alexander Prairie Suite 346, Johnsonport, KY 35628"
C00178,Shelly Serrano,ygutierrez@example.net,+1-420-995-2562x3778,"Unit 1637 Box 6274, DPO AP 85024"
C00179,Jennifer Ware,gmunoz@example.com,517-516-3572x6945,"81290 Robinson Villages Suite 870, Nathanielshire, SD 07841"
C00180,Alex Martin,lindseyadam@example.com,571-525-7396,"383 Copeland Island Apt. 753, South Clairemouth, MP 04260"
C00181,Jennifer Walker MD,nwilliams@example.net,466-719-0827,"664 Melissa Gardens Apt. 933, Port Christopher, NE 67464"
C00182,Tyler Chavez,dawnbrowning@example.com,+1-955-584-0576,"54897 Rita Hills, Lisafort, LA 99279"
C00183,Brandon Kennedy,joshua92@example.com,(214)276-7977x420,"183 Maldonado Walk, New John, IL 41694"
C00184,Jeremiah Mahoney,yburke@example.net,614.416.9197,"16406 Leonard Locks, East Clayton, CO 44531"
C00185,Joseph Barber,sarahlopez@example.org,+1-428-348-2495,"91611 Tara Meadows Apt. 940, Manningstad, HI 73171"
C00186,Laurie Watson DDS,vevans@example.net,001-530-481-5671,"562 Thomas Lane Suite 935, East Alicia, NH 93684"
C00187,Kimberly Gibson,trevorchen@example.net,(697)466-6205x8775,"869 Jennifer Fort, Williamsberg, KY 21739"
C00188,Amber Reed,amandahamilton@example.org,855.868.4713x51950,"290 Robert Flat, New Christopher, MS 50725"
C00189,Teresa Thompson,susan35@example.net,675.590.3841x838,"49847 Perez Row, East Jeffery, NE 06407"
C00190,Edward Smith,jmann@example.org,001-655-909-0298x706,"31760 Mitchell Valley Apt. 147, Ericstad, DE 29374"
C00191,Charles Cunningham,danielmurphy@example.net,001-309-520-6793x355,"0804 Weeks Rapid Suite 944, North Gina, AK 15432"
C00192,Dave Mills MD,judith17@example.org,(232)832-9996x937,"13219 Damon Isle Apt. 172, Coxbury, AL 27534"
C00193,Tina Jones,gordonbrian@example.net,(439)709-9981,"5287 Alexander Unions Suite 852, Lake Amberchester, CT 95681"
C00194,David Hopkins,elizabeth74@example.com,001-705-530-2246x142,"296 Tiffany Union Suite 179, New Katiefort, DC 15267"
C00195,Amy Alexander,qlyons@example.org,001-248-716-1987,"9189 Lisa Land, Angelamouth, SD 99289"
C00196,Sherri Tanner,tonya24@example.com,291.709.5367x8569,"4698 Margaret Points Suite 209, Dawnhaven, WY 62617"
C00197,Samantha Cook,wrightmary@example.net,001-411-693-9692x18940,"689 Guzman Crescent, Port Kelly, MT 75805"
C00198,Joseph Smith,vbeck@example.net,209.958.9298x888,"7834 Sarah Squares Suite 938, Port Paulstad, AR 80450"
C00199,Mark Johnson,hardinchristopher@example.com,400.622.2268x184,"2290 Johnson Inlet, Jasonfurt, ND 85766"
C00200,Kara Montgomery,wardanthony@example.org,001-873-213-6066x724,"7774 Lindsey Place Suite 598, Lake Nicholasberg, OR 53029"
